Carlos,Discombe,cdiscombe1@globo.com,698 Aberg Drive,323-778-4053,GEIQVI31L14Z583A,10-07-2017
Minda,Sarrell,msarrell2@xrea.com,5259 Dryden Pass,779-874-2106,CQXJCF22P43N467H,11-03-2019
Trumann,Blazdell,tblazdell3@about.com,81586 Dottie Park,743-940-0907,NGDLGJ98B00P850C,18-11-2019
Jaimie,Moorerud,jmoorerud4@reference.com,84 Del Mar Place,798-456-6094,WTKBVH80J18U899I,20-06-2017
Kellie,Terrett,kterrett5@dailymotion.com,20 Larry Road,936-112-0261,TMOUKT91P67B340E,25-06-2019
Bradan,Haire,bhaire6@php.net,8774 Clarendon Alley,107-961-6739,HYNIEP83K80N057R,27-12-2018
Robbie,Deeman,rdeeman7@sciencedaily.com,2 Glacier Hill Center,865-776-7480,HOXJKK25B28S126F,14-12-2015
Ambrosi,Danilovitch,adanilovitch8@tinypic.com,75 Randy Parkway,191-710-1628,LDUDYZ08L02E891L,23-03-2019
Glenna,Eckels,geckels9@state.tx.us,35 Fremont Circle,209-523-5473,SJIYFQ31D67J779Q,07-01-2022
Dulce,Mallam,dmallama@wikia.com,85 Nancy Hill,785-781-8706,DCDZAL27R80G863S,23-02-2019
Ann-marie,Robson,arobsonb@vinaora.com,3187 Bobwhite Alley,771-851-1799,AYLDGL37K43X107N,06-10-2015
Tracee,Ludovico,tludovicoc@wordpress.com,7 Dennis Drive,602-256-1392,CDDUNT20L37E546K,15-01-2021
Marice,Tattersill,mtattersilld@phpbb.com,4726 Scofield Lane,462-202-8313,BSDKRU63M38C283J,05-11-2016
Junette,Gallehawk,jgallehawke@epa.gov,59 Carey Parkway,352-724-7708,HKQUUL85K13K896B,27-08-2015
Inness,Freezer,ifreezerf@sina.com.cn,2023 Trailsway Avenue,453-163-4729,HJRHCN11F55E261M,02-01-2021
Paige,Clyma,pclymag@edublogs.org,7 Mariners Cove Place,330-300-8183,FWUWLP09Q10H138B,26-06-2020
Desdemona,Kitteringham,dkitteringhamh@opensource.org,845 Elmside Avenue,718-401-3261,WVWRHD67V44M099H,15-05-2019
Erastus,Champkin,echampkini@simplemachines.org,009 Utah Terrace,188-915-6685,DIJTRQ93N94Z427O,11-07-2021
Berthe,Giraudeau,bgiraudeauj@apple.com,87 Mitchell Terrace,162-803-4771,ZCSHWG29K74L323V,04-04-2020
Kristen,Abisetti,kabisettik@quantcast.com,75651 Delaware Road,427-819-0596,YSGEHS20R20A065I,17-01-2020
Valencia,Dowdney,vdowdneyl@oaic.gov.au,4730 Crownhardt Lane,510-887-1134,JFVVTF60L51M593K,24-06-2019
Callida,Slyman,cslymanm@twitter.com,66442 Erie Junction,551-826-9293,VFQAPN50W40U389M,19-06-2017
Danya,Jenkison,djenkisonn@naver.com,9086 Bluejay Place,380-908-7173,TIJIEP65X37K501S,18-06-2017
Scotty,Wolfindale,swolfindaleo@netlog.com,93862 Sugar Drive,137-509-5507,FRUAHP39Y91H382W,03-02-2020
Amabel,Jakubovits,ajakubovitsp@chronoengine.com,6 Monica Center,887-870-9365,ISOHED23B44L919U,14-02-2017
Amberly,Brent,abrentq@umich.edu,2397 Sutteridge Center,940-522-3477,LOYMQQ34S98J342U,12-12-2016
Kaye,Kellock,kkellockr@nba.com,4030 Monument Road,999-900-9599,KMRBTG57N49E774B,06-12-2017
Genevieve,Vermer,gvermers@pen.io,44 Iowa Alley,808-156-1871,DXFPOP53T15V259P,26-08-2022
Cale,Bristow,cbristowt@behance.net,54383 Loomis Crossing,129-610-2753,GWRLAP77K66B382T,02-09-2022